arquivo,linha,classe,largura,altura,area,categoria
test_1068.txt,1,0,0.751563,0.909375,0.683453,provavel_cacho
test_1296.txt,1,0,0.435937,0.520312,0.226823,provavel_cacho
test_1508.txt,1,0,0.567187,0.623437,0.353605,provavel_cacho
test_161.txt,2,0,0.376563,0.46875,0.176514,provavel_cacho
test_175.txt,1,0,0.609375,0.259375,0.158057,provavel_cacho
test_1751.txt,1,0,0.817187,0.959375,0.783989,provavel_cacho
test_1870.txt,4,0,0.421875,0.653125,0.275537,provavel_cacho
test_1916.txt,1,0,0.846875,0.967187,0.819086,provavel_cacho
test_337.txt,5,0,0.592187,0.439063,0.260007,provavel_cacho
test_401.txt,1,0,0.598437,0.4375,0.261816,provavel_cacho
test_65.txt,1,0,0.520312,0.925,0.481289,provavel_cacho
test_768.txt,4,0,0.320312,0.575,0.184179,provavel_cacho
test_998.txt,1,0,0.379688,0.564063,0.214168,provavel_cacho
train_1044.txt,1,0,0.39375,0.45,0.177187,provavel_cacho
train_1085.txt,1,0,0.720313,0.73125,0.526729,provavel_cacho
train_1092.txt,1,0,1.0,0.904687,0.904687,provavel_cacho
train_1126.txt,1,0,0.49375,0.621875,0.307051,provavel_cacho
train_1128.txt,2,0,0.535937,0.565625,0.303139,provavel_cacho
train_1178.txt,1,0,0.290625,0.948438,0.27564,provavel_cacho
train_1188.txt,2,0,0.379688,0.746875,0.283579,provavel_cacho
train_1189.txt,2,0,0.365625,0.521875,0.190811,provavel_cacho
train_1191.txt,1,0,0.609375,0.435937,0.265649,provavel_cacho
train_1212.txt,1,0,0.360938,0.554688,0.200208,provavel_cacho
train_1231.txt,7,0,0.458382,0.350755,0.16078,provavel_cacho
train_129.txt,1,0,0.589063,0.440625,0.259556,provavel_cacho
train_1293.txt,1,0,0.751563,0.629687,0.473249,provavel_cacho
train_1294.txt,3,0,0.710938,0.809375,0.575415,provavel_cacho
train_1351.txt,1,0,0.448437,0.373437,0.167463,provavel_cacho
train_1360.txt,2,0,0.401562,0.759375,0.304936,provavel_cacho
train_1371.txt,1,0,0.823438,0.721875,0.594419,provavel_cacho
train_138.txt,1,0,0.535937,0.767188,0.411164,provavel_cacho
train_140.txt,1,0,0.9,1.0,0.9,provavel_cacho
train_1481.txt,1,0,0.815625,0.867188,0.7073,provavel_cacho
train_1511.txt,1,0,0.346875,0.479687,0.166391,provavel_cacho
train_1683.txt,2,0,0.432812,0.551562,0.238723,provavel_cacho
train_1700.txt,2,0,0.348438,0.509375,0.177486,provavel_cacho
train_1728.txt,1,0,0.71875,0.7125,0.512109,provavel_cacho
train_1749.txt,3,0,0.6375,0.665625,0.424336,provavel_cacho
train_1759.txt,1,0,0.417187,0.584375,0.243794,provavel_cacho
train_1781.txt,2,0,0.335938,0.4625,0.155371,provavel_cacho
train_1838.txt,1,0,0.292187,0.571875,0.167094,provavel_cacho
train_1838.txt,2,0,0.75625,0.925,0.699531,provavel_cacho
train_1905.txt,3,0,0.425,0.8875,0.377187,provavel_cacho
train_1960.txt,3,0,0.564063,0.610938,0.344608,provavel_cacho
train_203.txt,2,0,0.534375,0.315625,0.168662,provavel_cacho
train_238.txt,4,0,0.692187,0.445312,0.308239,provavel_cacho
train_238.txt,5,0,0.521875,0.298438,0.155747,provavel_cacho
train_260.txt,1,0,0.35,0.439063,0.153672,provavel_cacho
train_301.txt,1,0,0.515625,0.559375,0.288428,provavel_cacho
train_306.txt,2,0,0.49375,0.310937,0.153525,provavel_cacho
train_314.txt,2,0,0.73125,0.360938,0.263936,provavel_cacho
train_314.txt,8,0,0.523438,0.289062,0.151306,provavel_cacho
train_315.txt,2,0,0.598437,0.382812,0.229089,provavel_cacho
train_337.txt,1,0,0.771875,0.384375,0.296689,provavel_cacho
train_338.txt,5,0,0.732812,0.295312,0.216408,provavel_cacho
train_352.txt,1,0,0.34375,0.614062,0.211084,provavel_cacho
train_352.txt,2,0,0.520312,0.807813,0.420315,provavel_cacho
train_375.txt,1,0,0.823438,0.4125,0.339668,provavel_cacho
train_400.txt,1,0,0.5875,0.335938,0.197364,provavel_cacho
train_400.txt,2,0,0.523438,0.454688,0.238001,provavel_cacho
train_425.txt,1,0,0.610938,0.748437,0.457249,provavel_cacho
train_511.txt,2,0,0.320312,0.607812,0.194689,provavel_cacho
train_556.txt,2,0,0.429688,0.779687,0.335022,provavel_cacho
train_58.txt,2,0,0.439063,0.401562,0.176311,provavel_cacho
train_607.txt,2,0,0.309375,0.828125,0.256201,provavel_cacho
train_622.txt,1,0,1.0,0.707812,0.707812,provavel_cacho
train_695.txt,4,0,0.548438,0.525,0.28793,provavel_cacho
train_701.txt,3,0,0.58125,1.0,0.58125,provavel_cacho
train_706.txt,1,0,0.429688,0.425,0.182617,provavel_cacho
train_747.txt,1,0,0.339062,0.548438,0.185954,provavel_cacho
train_852.txt,1,0,0.695312,0.559375,0.38894,provavel_cacho
train_906.txt,1,0,0.3375,0.73125,0.246797,provavel_cacho
train_922.txt,5,0,0.540625,0.420312,0.227231,provavel_cacho
train_93.txt,1,0,0.971875,0.848437,0.824575,provavel_cacho
train_940.txt,3,0,0.467187,0.353125,0.164975,provavel_cacho
train_969.txt,2,0,0.342187,0.5125,0.175371,provavel_cacho
val_1099.txt,2,0,0.921875,0.545312,0.50271,provavel_cacho
val_1373.txt,2,0,0.526563,0.442188,0.23284,provavel_cacho
val_160.txt,1,0,0.775,0.828125,0.641797,provavel_cacho
val_167.txt,3,0,0.890625,0.510938,0.455054,provavel_cacho
val_1694.txt,3,0,0.435937,0.55625,0.24249,provavel_cacho
val_1750.txt,1,0,0.58125,0.717187,0.416865,provavel_cacho
val_292.txt,2,0,0.614062,0.295312,0.18134,provavel_cacho
val_395.txt,3,0,0.410938,0.432812,0.177859,provavel_cacho
val_435.txt,4,0,0.692187,0.323437,0.223879,provavel_cacho
val_493.txt,7,0,0.59375,0.473438,0.281104,provavel_cacho
val_495.txt,2,0,0.395313,0.41875,0.165537,provavel_cacho
val_516.txt,1,0,1.0,0.973437,0.973437,provavel_erro
val_882.txt,4,0,0.353125,0.489063,0.1727,provavel_cacho
val_948.txt,1,0,0.496875,0.56875,0.282598,provavel_cacho
test_1053.txt,1,0,0.598437,0.557813,0.333816,provavel_cacho
test_1131.txt,1,0,0.326562,0.689063,0.225022,provavel_cacho
test_1131.txt,7,0,0.234375,0.696875,0.16333,provavel_cacho
test_1141.txt,1,0,0.740625,0.751563,0.556626,provavel_cacho
test_1224.txt,1,0,0.479687,0.778125,0.373256,provavel_cacho
test_1244.txt,1,0,0.735938,0.473438,0.348421,provavel_cacho
test_1246.txt,1,0,0.8,0.503125,0.4025,provavel_cacho
test_1258.txt,2,0,0.357812,0.496875,0.177788,provavel_cacho
test_1274.txt,1,0,0.879687,0.382812,0.336755,provavel_cacho
test_1279.txt,8,0,0.748437,0.320312,0.239733,provavel_cacho
test_1304.txt,1,0,0.5875,0.645312,0.379121,provavel_cacho
test_1342.txt,1,0,1.0,0.739062,0.739062,provavel_cacho
test_1354.txt,1,0,0.378125,0.79375,0.300137,provavel_cacho
test_1372.txt,1,0,0.4,0.417187,0.166875,provavel_cacho
test_1399.txt,1,0,0.604688,1.0,0.604688,provavel_cacho
test_1415.txt,1,0,0.470313,0.371875,0.174898,provavel_cacho
test_1431.txt,2,0,0.43125,0.567187,0.244599,provavel_cacho
test_1448.txt,2,0,0.89375,0.623437,0.557197,provavel_cacho
test_146.txt,1,0,0.495312,0.567187,0.280935,provavel_cacho
test_1460.txt,4,0,1.0,0.720313,0.720313,provavel_cacho
test_1546.txt,1,0,0.415625,0.40625,0.168848,provavel_cacho
test_1589.txt,1,0,0.31875,0.69375,0.221133,provavel_cacho
test_1595.txt,4,0,0.44375,0.40625,0.180273,provavel_cacho
test_1681.txt,1,0,0.315625,0.75,0.236719,provavel_cacho
test_1725.txt,4,0,0.5,0.826562,0.413281,provavel_cacho
test_173.txt,1,0,1.0,0.792188,0.792188,provavel_cacho
test_1772.txt,1,0,0.30625,0.54375,0.166523,provavel_cacho
test_179.txt,3,0,0.760938,0.929688,0.707435,provavel_cacho
test_1942.txt,7,0,0.36875,0.63125,0.232773,provavel_cacho
test_1983.txt,1,0,0.501563,0.407813,0.204544,provavel_cacho
test_271.txt,1,0,0.670312,0.532813,0.357151,provavel_cacho
test_300.txt,2,0,0.695312,0.623437,0.433483,provavel_cacho
test_345.txt,4,0,0.782813,0.421875,0.330249,provavel_cacho
test_355.txt,1,0,0.254688,0.828125,0.210914,provavel_cacho
test_387.txt,4,0,0.460938,0.495312,0.228308,provavel_cacho
test_415.txt,3,0,0.414062,0.575,0.238086,provavel_cacho
test_424.txt,1,0,0.914062,0.704688,0.644129,provavel_cacho
test_442.txt,2,0,0.779687,0.828125,0.645678,provavel_cacho
test_446.txt,8,0,0.953125,0.476562,0.454223,provavel_cacho
test_449.txt,1,0,0.615625,0.70625,0.434785,provavel_cacho
test_449.txt,2,0,0.454688,0.625,0.28418,provavel_cacho
test_451.txt,1,0,0.91875,0.85,0.780937,provavel_cacho
test_473.txt,1,0,0.648438,0.720313,0.467078,provavel_cacho
test_489.txt,1,0,0.604688,0.4,0.241875,provavel_cacho
test_531.txt,7,0,0.420312,0.457813,0.192424,provavel_cacho
test_545.txt,1,0,0.464062,0.329688,0.152996,provavel_cacho
test_557.txt,1,0,0.484375,0.3375,0.163477,provavel_cacho
test_592.txt,1,0,0.528125,0.798438,0.421675,provavel_cacho
test_593.txt,1,0,0.917188,0.757812,0.695056,provavel_cacho
test_710.txt,4,0,0.504687,0.496875,0.250766,provavel_cacho
test_73.txt,1,0,0.93125,0.960938,0.894874,provavel_cacho
test_733.txt,1,0,0.532813,0.634375,0.338003,provavel_cacho
test_752.txt,1,0,0.74375,0.670312,0.498545,provavel_cacho
test_817.txt,1,0,0.601562,0.2625,0.15791,provavel_cacho
test_834.txt,2,0,0.392188,0.810937,0.31804,provavel_cacho
test_867.txt,2,0,0.389062,0.578125,0.224926,provavel_cacho
test_942.txt,3,0,0.573438,0.41875,0.240127,provavel_cacho
test_952.txt,3,0,0.36875,0.495312,0.182646,provavel_cacho
test_970.txt,1,0,0.375,0.582812,0.218554,provavel_cacho
test_974.txt,7,0,0.479687,0.429688,0.206116,provavel_cacho
test_976.txt,1,0,0.889062,1.0,0.889062,provavel_cacho
test_992.txt,1,0,0.332813,0.604688,0.201248,provavel_cacho
test_992.txt,2,0,0.309375,0.59375,0.183691,provavel_cacho
train_1000.txt,2,0,0.395313,0.482812,0.190862,provavel_cacho
train_1008.txt,1,0,0.576562,0.289062,0.166662,provavel_cacho
train_102.txt,1,0,1.0,0.99375,0.99375,provavel_erro
train_1045.txt,2,0,0.248438,0.676562,0.168084,provavel_cacho
train_1049.txt,2,0,0.4875,0.6875,0.335156,provavel_cacho
train_1054.txt,1,0,0.55,0.335938,0.184766,provavel_cacho
train_1057.txt,1,0,0.66875,0.58125,0.388711,provavel_cacho
train_1062.txt,1,0,0.996875,0.745313,0.742984,provavel_cacho
train_1064.txt,1,0,0.965625,0.370312,0.357583,provavel_cacho
train_1065.txt,1,0,0.314063,0.501563,0.157522,provavel_cacho
train_1067.txt,1,0,0.4,0.585938,0.234375,provavel_cacho
train_1071.txt,1,0,1.0,0.754687,0.754687,provavel_cacho
train_1074.txt,3,0,0.417187,0.454688,0.18969,provavel_cacho
train_1075.txt,1,0,0.85625,0.55,0.470938,provavel_cacho
train_1077.txt,4,0,0.926562,0.651563,0.603714,provavel_cacho
train_1081.txt,3,0,0.365625,0.559375,0.204521,provavel_cacho
train_1084.txt,1,0,0.651563,0.54375,0.354287,provavel_cacho
train_1088.txt,2,0,0.560937,0.45,0.252422,provavel_cacho
train_109.txt,1,0,0.720313,0.739062,0.532356,provavel_cacho
train_109.txt,3,0,0.439063,0.445312,0.19552,provavel_cacho
train_1094.txt,2,0,0.932813,0.892188,0.832245,provavel_cacho
train_1097.txt,1,0,0.66875,0.520312,0.347959,provavel_cacho
train_110.txt,2,0,0.654687,0.7875,0.515566,provavel_cacho
train_1101.txt,1,0,0.484375,0.3125,0.151367,provavel_cacho
train_1116.txt,1,0,0.445312,0.371875,0.1656,provavel_cacho
train_1138.txt,1,0,0.670312,0.671875,0.450366,provavel_cacho
train_114.txt,1,0,0.492188,0.332813,0.163807,provavel_cacho
train_114.txt,3,0,0.659375,0.317188,0.209146,provavel_cacho
train_1140.txt,1,0,0.723437,1.0,0.723437,provavel_cacho
train_1143.txt,3,0,0.63125,0.765625,0.483301,provavel_cacho
train_1148.txt,1,0,0.328125,0.675,0.221484,provavel_cacho
train_115.txt,1,0,0.295312,0.598437,0.176726,provavel_cacho
train_1157.txt,2,0,0.382812,0.826562,0.316418,provavel_cacho
train_1164.txt,1,0,0.267188,0.565625,0.151128,provavel_cacho
train_1172.txt,1,0,0.651563,0.634375,0.413335,provavel_cacho
train_1176.txt,1,0,0.845313,1.0,0.845313,provavel_cacho
train_1179.txt,1,0,0.409375,0.8625,0.353086,provavel_cacho
train_1180.txt,1,0,0.43125,1.0,0.43125,provavel_cacho
train_1182.txt,1,0,0.692187,1.0,0.692187,provavel_cacho
train_1186.txt,2,0,0.559375,0.692187,0.387192,provavel_cacho
train_1192.txt,1,0,0.351562,0.934375,0.328491,provavel_cacho
train_1196.txt,2,0,0.65,0.817187,0.531172,provavel_cacho
train_1199.txt,1,0,0.38125,0.507812,0.193603,provavel_cacho
train_120.txt,1,0,0.515625,0.501563,0.258618,provavel_cacho
train_1202.txt,1,0,0.39375,0.603125,0.23748,provavel_cacho
train_1215.txt,2,0,0.396875,0.396875,0.15751,provavel_cacho
train_1218.txt,1,0,0.370312,0.490625,0.181684,provavel_cacho
train_1222.txt,1,0,0.321875,0.689063,0.221792,provavel_cacho
train_1223.txt,1,0,0.417187,0.751563,0.313542,provavel_cacho
train_1230.txt,1,0,0.445312,0.714063,0.317981,provavel_cacho
train_1232.txt,1,0,0.75625,0.823438,0.622725,provavel_cacho
train_1233.txt,1,0,0.701562,0.767188,0.53823,provavel_cacho
train_1239.txt,1,0,0.409375,0.7625,0.312148,provavel_cacho
train_1239.txt,4,0,0.342187,0.448437,0.153449,provavel_cacho
train_124.txt,1,0,0.515625,0.617188,0.318238,provavel_cacho
train_1243.txt,1,0,0.860938,0.690625,0.594585,provavel_cacho
train_1247.txt,2,0,0.826562,0.6375,0.526933,provavel_cacho
train_1250.txt,5,0,0.457813,0.39375,0.180264,provavel_cacho
train_1261.txt,1,0,0.826562,0.825,0.681914,provavel_cacho
train_1272.txt,2,0,0.559375,0.979688,0.548013,provavel_cacho
train_1273.txt,3,0,0.76875,0.364063,0.279873,provavel_cacho
train_1273.txt,6,0,0.704688,0.267188,0.188284,provavel_cacho
train_1277.txt,4,0,1.0,0.351562,0.351562,provavel_cacho
train_128.txt,2,0,0.903125,0.6875,0.620898,provavel_cacho
train_1284.txt,1,0,0.704688,0.53125,0.374366,provavel_cacho
train_1289.txt,2,0,0.75,0.903125,0.677344,provavel_cacho
train_1291.txt,2,0,0.58125,0.403125,0.234316,provavel_cacho
train_1295.txt,1,0,0.617188,0.46875,0.289307,provavel_cacho
train_13.txt,1,0,0.5625,0.725,0.407812,provavel_cacho
train_1303.txt,1,0,0.703125,0.834375,0.58667,provavel_cacho
train_1307.txt,1,0,0.679688,0.798438,0.542689,provavel_cacho
train_1311.txt,2,0,0.554688,0.501563,0.278211,provavel_cacho
train_1314.txt,3,0,0.571875,0.573438,0.327935,provavel_cacho
train_1316.txt,2,0,0.81875,0.7375,0.603828,provavel_cacho
train_1318.txt,2,0,0.367188,0.448437,0.164661,provavel_cacho
train_1320.txt,2,0,0.425,0.425,0.180625,provavel_cacho
train_1324.txt,3,0,0.564063,0.445312,0.251184,provavel_cacho
train_1334.txt,1,0,1.0,0.64375,0.64375,provavel_cacho
train_1345.txt,1,0,0.484375,0.442188,0.214185,provavel_cacho
train_135.txt,1,0,0.43125,0.614062,0.264814,provavel_cacho
train_1357.txt,1,0,0.375,0.495312,0.185742,provavel_cacho
train_1359.txt,2,0,0.376563,0.775,0.291836,provavel_cacho
train_1365.txt,1,0,0.423438,0.446875,0.189224,provavel_cacho
train_1369.txt,1,0,0.64375,0.745313,0.479795,provavel_cacho
train_137.txt,1,0,0.43125,0.74375,0.320742,provavel_cacho
train_1370.txt,1,0,0.934375,0.90625,0.846777,provavel_cacho
train_1374.txt,3,0,0.628125,0.604688,0.37982,provavel_cacho
train_1376.txt,2,0,0.54375,0.420312,0.228545,provavel_cacho
train_1377.txt,1,0,0.667188,0.490625,0.327339,provavel_cacho
train_139.txt,1,0,0.359375,0.457813,0.164527,provavel_cacho
train_1394.txt,1,0,0.573438,1.0,0.573438,provavel_cacho
train_1419.txt,1,0,0.55,0.660937,0.363515,provavel_cacho
train_142.txt,2,0,0.409375,0.428125,0.175264,provavel_cacho
train_1420.txt,1,0,0.573438,0.404687,0.232063,provavel_cacho
train_1421.txt,1,0,0.560937,0.457813,0.256804,provavel_cacho
train_1429.txt,3,0,0.50625,0.453125,0.229395,provavel_cacho
train_1436.txt,2,0,0.6375,0.648438,0.413379,provavel_cacho
train_144.txt,1,0,1.0,0.990625,0.990625,provavel_erro
train_1441.txt,1,0,1.0,0.445312,0.445312,provavel_cacho
train_145.txt,1,0,0.392188,0.390625,0.153198,provavel_cacho
train_145.txt,2,0,0.7125,0.578125,0.411914,provavel_cacho
train_1454.txt,1,0,0.551562,0.35625,0.196494,provavel_cacho
train_1464.txt,1,0,1.0,0.89375,0.89375,provavel_cacho
train_1465.txt,1,0,1.0,0.909375,0.909375,provavel_cacho
train_1472.txt,1,0,0.50625,0.990625,0.501504,provavel_cacho
train_1478.txt,3,0,0.767188,0.565625,0.433941,provavel_cacho
train_149.txt,1,0,0.7125,1.0,0.7125,provavel_cacho
train_1496.txt,1,0,0.601562,0.582812,0.350598,provavel_cacho
train_1497.txt,1,0,0.3625,0.465625,0.168789,provavel_cacho
train_1497.txt,2,0,0.335938,0.798438,0.268226,provavel_cacho
train_15.txt,2,0,0.504687,0.41875,0.211338,provavel_cacho
train_1501.txt,1,0,0.759375,0.83125,0.63123,provavel_cacho
train_1504.txt,2,0,0.367188,0.46875,0.172119,provavel_cacho
train_1505.txt,1,0,1.0,1.0,1.0,provavel_erro
train_1506.txt,1,0,0.434375,0.579688,0.251802,provavel_cacho
train_1509.txt,1,0,0.45625,0.467187,0.213154,provavel_cacho
train_1514.txt,2,0,0.671875,0.795312,0.53435,provavel_cacho
train_1515.txt,2,0,0.528125,0.635938,0.335855,provavel_cacho
train_152.txt,2,0,0.709375,0.429688,0.30481,provavel_cacho
train_1522.txt,1,0,0.770312,0.784375,0.604213,provavel_cacho
train_1524.txt,1,0,0.33125,0.623437,0.206514,provavel_cacho
train_1526.txt,1,0,0.376563,0.80625,0.303604,provavel_cacho
train_1526.txt,4,0,0.398438,0.534375,0.212915,provavel_cacho
train_153.txt,9,0,0.540625,0.7,0.378437,provavel_cacho
train_1530.txt,3,0,0.403125,0.39375,0.15873,provavel_cacho
train_1545.txt,1,0,0.742188,0.9125,0.677247,provavel_cacho
train_1550.txt,1,0,0.610938,0.790625,0.483023,provavel_cacho
train_1557.txt,1,0,0.384375,0.670312,0.257651,provavel_cacho
train_1558.txt,2,0,0.859375,0.670312,0.576049,provavel_cacho
train_156.txt,4,0,0.523438,0.348438,0.182386,provavel_cacho
train_1561.txt,1,0,1.0,0.964063,0.964063,provavel_erro
train_1567.txt,1,0,0.517188,0.389062,0.201218,provavel_cacho
train_1567.txt,2,0,0.504687,0.68125,0.343818,provavel_cacho
train_1569.txt,1,0,0.389062,0.407813,0.158665,provavel_cacho
train_1572.txt,1,0,1.0,1.0,1.0,provavel_erro
train_1576.txt,3,0,0.56875,0.682813,0.38835,provavel_cacho
train_1578.txt,2,0,0.446875,0.36875,0.164785,provavel_cacho
train_1583.txt,2,0,0.389062,0.670312,0.260793,provavel_cacho
train_1584.txt,1,0,0.704688,0.451562,0.31821,provavel_cacho
train_159.txt,1,0,0.665625,0.86875,0.578262,provavel_cacho
train_159.txt,6,0,0.454688,0.3625,0.164824,provavel_cacho
train_1592.txt,1,0,0.915625,0.839063,0.768267,provavel_cacho
train_1596.txt,1,0,0.385937,0.760938,0.293674,provavel_cacho
train_1605.txt,3,0,0.439063,0.942187,0.413679,provavel_cacho
train_1607.txt,3,0,0.414062,0.504687,0.208972,provavel_cacho
train_1616.txt,4,0,0.789062,0.976562,0.770568,provavel_cacho
train_162.txt,1,0,0.929688,0.996875,0.926783,provavel_cacho
train_1627.txt,1,0,0.240625,0.828125,0.199268,provavel_cacho
train_1638.txt,1,0,0.978125,0.6875,0.672461,provavel_cacho
train_1640.txt,2,0,0.425,0.701562,0.298164,provavel_cacho
train_1648.txt,2,0,0.832812,0.6625,0.551738,provavel_cacho
train_1656.txt,2,0,0.871875,0.725,0.632109,provavel_cacho
train_1657.txt,1,0,0.507812,0.682813,0.346741,provavel_cacho
train_1657.txt,2,0,0.515625,0.375,0.193359,provavel_cacho
train_1661.txt,1,0,0.885938,0.871875,0.772427,provavel_cacho
train_168.txt,1,0,0.307812,0.873437,0.268854,provavel_cacho
train_1684.txt,3,0,0.38125,0.407813,0.155479,provavel_cacho
train_169.txt,1,0,0.7625,0.992188,0.756543,provavel_cacho
train_1705.txt,2,0,0.514062,0.640625,0.329321,provavel_cacho
train_171.txt,1,0,0.873437,0.996875,0.870708,provavel_cacho
train_1716.txt,4,0,0.44375,0.71875,0.318945,provavel_cacho
train_1718.txt,4,0,0.484375,0.4875,0.236133,provavel_cacho
train_1730.txt,3,0,0.60625,0.865625,0.524785,provavel_cacho
train_1731.txt,1,0,0.909375,1.0,0.909375,provavel_cacho
train_1732.txt,4,0,0.570312,0.5875,0.335058,provavel_cacho
train_1733.txt,2,0,0.507812,0.875,0.444336,provavel_cacho
train_1734.txt,4,0,0.520312,0.676562,0.352023,provavel_cacho
train_174.txt,1,0,1.0,0.995313,0.995313,provavel_erro
train_1740.txt,1,0,0.353125,0.551562,0.19477,provavel_cacho
train_1743.txt,2,0,0.945312,0.867188,0.819763,provavel_cacho
train_1746.txt,4,0,0.948438,0.576562,0.546833,provavel_cacho
train_1763.txt,4,0,0.7,0.271875,0.190312,provavel_cacho
train_1766.txt,2,0,0.392188,0.470313,0.184451,provavel_cacho
train_1776.txt,1,0,0.445312,0.4125,0.183691,provavel_cacho
train_1776.txt,5,0,0.376563,0.55625,0.209463,provavel_cacho
train_1778.txt,2,0,0.726562,0.85625,0.622119,provavel_cacho
train_178.txt,4,0,0.80625,0.328125,0.264551,provavel_cacho
train_1782.txt,1,0,0.414062,0.58125,0.240674,provavel_cacho
train_1784.txt,1,0,0.329688,0.728125,0.240054,provavel_cacho
train_1784.txt,3,0,0.342187,0.56875,0.194619,provavel_cacho
train_1797.txt,1,0,0.498437,0.354687,0.176789,provavel_cacho
train_180.txt,1,0,0.63125,0.460938,0.290967,provavel_cacho
train_1816.txt,6,0,0.529687,0.571875,0.302915,provavel_cacho
train_1819.txt,1,0,0.760938,0.785937,0.598049,provavel_cacho
train_1846.txt,1,0,0.375,0.40625,0.152344,provavel_cacho
train_1860.txt,1,0,0.814063,0.939063,0.764456,provavel_cacho
train_1871.txt,2,0,0.848437,1.0,0.848437,provavel_cacho
train_1880.txt,3,0,0.734375,0.764062,0.561108,provavel_cacho
train_1884.txt,1,0,0.60625,0.5125,0.310703,provavel_cacho
train_1886.txt,1,0,0.357812,0.526563,0.188411,provavel_cacho
train_1895.txt,2,0,0.371875,0.570312,0.212085,provavel_cacho
train_1919.txt,1,0,0.40625,0.434375,0.176465,provavel_cacho
train_1924.txt,4,0,0.590625,0.573438,0.338687,provavel_cacho
train_1925.txt,5,0,0.507812,0.365625,0.185669,provavel_cacho
train_1927.txt,1,0,0.790625,0.439063,0.347134,provavel_cacho
train_1938.txt,2,0,0.353125,0.73125,0.258223,provavel_cacho
train_1941.txt,2,0,0.664062,0.367188,0.243836,provavel_cacho
train_1944.txt,4,0,0.442188,0.51875,0.229385,provavel_cacho
train_195.txt,1,0,0.440625,0.54375,0.23959,provavel_cacho
train_196.txt,3,0,0.40625,0.398438,0.161865,provavel_cacho
train_1979.txt,6,0,0.38125,0.496875,0.189434,provavel_cacho
train_2.txt,1,0,0.5625,0.55625,0.312891,provavel_cacho
train_201.txt,1,0,0.564063,0.684375,0.386031,provavel_cacho
train_201.txt,2,0,0.30625,0.534375,0.163652,provavel_cacho
train_209.txt,7,0,0.464062,0.38125,0.176924,provavel_cacho
train_216.txt,2,0,0.567187,0.646875,0.366899,provavel_cacho
train_235.txt,1,0,0.4625,0.942187,0.435761,provavel_cacho
train_240.txt,1,0,0.353125,0.432812,0.152837,provavel_cacho
train_242.txt,5,0,0.664062,0.276562,0.183654,provavel_cacho
train_252.txt,3,0,0.45,0.404687,0.182109,provavel_cacho
train_257.txt,4,0,0.626563,0.801562,0.502229,provavel_cacho
train_259.txt,1,0,0.589063,0.509375,0.300054,provavel_cacho
train_261.txt,2,0,0.589063,0.579688,0.341473,provavel_cacho
train_265.txt,1,0,0.723437,0.209375,0.15147,provavel_cacho
train_265.txt,2,0,0.815625,0.454688,0.370855,provavel_cacho
train_27.txt,1,0,0.425,0.545312,0.231758,provavel_cacho
train_27.txt,2,0,0.345313,0.448437,0.154851,provavel_cacho
train_270.txt,4,0,0.334375,0.557813,0.186519,provavel_cacho
train_272.txt,1,0,0.640625,0.235937,0.151147,provavel_cacho
train_275.txt,3,0,0.479687,0.717187,0.344025,provavel_cacho
train_276.txt,2,0,0.495312,0.398438,0.197351,provavel_cacho
train_276.txt,3,0,0.320312,0.58125,0.186181,provavel_cacho
train_277.txt,1,0,0.659375,0.271875,0.179268,provavel_cacho
train_282.txt,1,0,0.820312,0.192188,0.157654,provavel_cacho
train_282.txt,5,0,0.5,0.3375,0.16875,provavel_cacho
train_290.txt,2,0,0.453125,0.335938,0.152222,provavel_cacho
train_291.txt,6,0,0.9,0.239063,0.215157,provavel_cacho
train_300.txt,1,0,0.598437,0.414062,0.24779,provavel_cacho
train_313.txt,2,0,0.820312,0.607812,0.498595,provavel_cacho
train_313.txt,5,0,0.514062,0.367188,0.188757,provavel_cacho
train_317.txt,5,0,0.626563,0.521875,0.326988,provavel_cacho
train_319.txt,1,0,0.81875,1.0,0.81875,provavel_cacho
train_32.txt,5,0,0.41875,0.379688,0.158994,provavel_cacho
train_324.txt,6,0,0.33125,0.51875,0.171836,provavel_cacho
train_330.txt,1,0,0.421875,0.614062,0.259057,provavel_cacho
train_330.txt,2,0,0.557813,0.3625,0.202207,provavel_cacho
train_344.txt,4,0,0.779687,0.353125,0.275327,provavel_cacho
train_350.txt,4,0,0.607812,0.320312,0.194689,provavel_cacho
train_357.txt,2,0,0.929688,0.945312,0.878845,provavel_cacho
train_358.txt,2,0,0.459375,0.354687,0.162934,provavel_cacho
train_367.txt,6,0,0.671875,0.273438,0.183716,provavel_cacho
train_37.txt,2,0,0.5,0.434375,0.217188,provavel_cacho
train_370.txt,1,0,0.60625,0.428125,0.259551,provavel_cacho
train_373.txt,1,0,0.70625,0.415625,0.293535,provavel_cacho
train_374.txt,1,0,0.904687,1.0,0.904687,provavel_cacho
train_376.txt,1,0,0.457813,0.351562,0.16095,provavel_cacho
train_378.txt,3,0,0.354687,0.457813,0.16238,provavel_cacho
train_389.txt,6,0,0.539062,0.360938,0.194568,provavel_cacho
train_392.txt,1,0,1.0,0.828125,0.828125,provavel_cacho
train_40.txt,1,0,0.546875,0.354687,0.193969,provavel_cacho
train_404.txt,4,0,0.396875,0.453125,0.179834,provavel_cacho
train_408.txt,2,0,0.682813,0.582812,0.397952,provavel_cacho
train_413.txt,2,0,0.671875,0.340625,0.228857,provavel_cacho
train_414.txt,1,0,0.46875,0.514062,0.240967,provavel_cacho
train_417.txt,1,0,1.0,0.725,0.725,provavel_cacho
train_418.txt,1,0,0.8625,0.692187,0.597011,provavel_cacho
train_426.txt,2,0,0.489063,0.703125,0.343872,provavel_cacho
train_43.txt,2,0,0.478125,0.320312,0.153149,provavel_cacho
train_430.txt,5,0,0.75,0.267188,0.200391,provavel_cacho
train_431.txt,2,0,0.84375,1.0,0.84375,provavel_cacho
train_437.txt,1,0,1.0,0.454688,0.454688,provavel_cacho
train_44.txt,1,0,0.78125,0.575,0.449219,provavel_cacho
train_440.txt,3,0,0.470313,0.648438,0.304969,provavel_cacho
train_443.txt,3,0,0.99375,0.528125,0.524824,provavel_cacho
train_445.txt,3,0,0.559375,0.60625,0.339121,provavel_cacho
train_450.txt,6,0,0.5625,0.828125,0.46582,provavel_cacho
train_451.txt,2,0,0.454688,0.707812,0.321834,provavel_cacho
train_452.txt,1,0,1.0,1.0,1.0,provavel_erro
train_453.txt,1,0,0.889062,0.792188,0.704304,provavel_cacho
train_454.txt,1,0,0.96875,0.764062,0.740185,provavel_cacho
train_457.txt,1,0,0.753125,0.290625,0.218877,provavel_cacho
train_459.txt,1,0,0.734375,0.676562,0.49685,provavel_cacho
train_460.txt,1,0,0.978125,1.0,0.978125,provavel_erro
train_461.txt,1,0,0.295312,0.629687,0.185954,provavel_cacho
train_465.txt,3,0,0.3375,0.695312,0.234668,provavel_cacho
train_469.txt,1,0,0.840625,0.503125,0.422939,provavel_cacho
train_469.txt,3,0,0.339062,0.460938,0.156287,provavel_cacho
train_471.txt,1,0,0.68125,0.476562,0.324658,provavel_cacho
train_471.txt,3,0,0.73125,0.690625,0.50502,provavel_cacho
train_472.txt,5,0,0.814063,0.465625,0.379048,provavel_cacho
train_475.txt,2,0,0.701562,0.615625,0.431899,provavel_cacho
train_477.txt,2,0,0.584375,0.9625,0.562461,provavel_cacho
train_480.txt,3,0,0.46875,0.601562,0.281982,provavel_cacho
train_481.txt,1,0,0.634375,0.50625,0.321152,provavel_cacho
train_483.txt,1,0,0.94375,0.8,0.755,provavel_cacho
train_484.txt,1,0,0.70625,0.925,0.653281,provavel_cacho
train_485.txt,1,0,0.967187,0.551562,0.533464,provavel_cacho
train_492.txt,1,0,0.434375,0.396875,0.172393,provavel_cacho
train_493.txt,2,0,0.58125,0.492188,0.286084,provavel_cacho
train_498.txt,5,0,0.465625,0.585938,0.272827,provavel_cacho
train_499.txt,1,0,0.614062,0.554688,0.340613,provavel_cacho
train_499.txt,2,0,0.38125,0.609375,0.232324,provavel_cacho
train_503.txt,1,0,0.3875,0.440625,0.170742,provavel_cacho
train_504.txt,8,0,0.404687,0.476562,0.192858,provavel_cacho
train_506.txt,1,0,0.657813,0.245312,0.161369,provavel_cacho
train_507.txt,1,0,1.0,0.707812,0.707812,provavel_cacho
train_510.txt,1,0,0.478125,0.5375,0.256992,provavel_cacho
train_515.txt,1,0,1.0,0.810937,0.810937,provavel_cacho
train_518.txt,1,0,0.63125,0.595313,0.375791,provavel_cacho
train_518.txt,7,0,0.407813,0.4375,0.178418,provavel_cacho
train_519.txt,1,0,0.926562,0.45625,0.422744,provavel_cacho
train_522.txt,2,0,0.528125,0.321875,0.16999,provavel_cacho
train_528.txt,1,0,0.821875,0.9625,0.791055,provavel_cacho
train_529.txt,1,0,0.5375,0.74375,0.399766,provavel_cacho
train_529.txt,2,0,0.379688,0.582812,0.221287,provavel_cacho
train_531.txt,3,0,0.56875,0.745313,0.423897,provavel_cacho
train_532.txt,1,0,0.521875,0.715625,0.373467,provavel_cacho
train_532.txt,2,0,0.348438,0.517188,0.180208,provavel_cacho
train_534.txt,1,0,0.760938,0.36875,0.280596,provavel_cacho
train_535.txt,1,0,0.948438,0.492188,0.46681,provavel_cacho
train_539.txt,1,0,0.403125,0.6,0.241875,provavel_cacho
train_54.txt,3,0,0.304688,0.525,0.159961,provavel_cacho
train_547.txt,3,0,0.532813,0.503125,0.268072,provavel_cacho
train_548.txt,1,0,0.579688,0.384375,0.222818,provavel_cacho
train_554.txt,1,0,0.40625,0.484375,0.196777,provavel_cacho
train_555.txt,1,0,0.828125,0.709375,0.587451,provavel_cacho
train_56.txt,1,0,0.517188,0.423438,0.218997,provavel_cacho
train_564.txt,1,0,0.710938,0.659375,0.468775,provavel_cacho
train_57.txt,1,0,0.34375,0.51875,0.17832,provavel_cacho
train_580.txt,2,0,0.428125,0.676562,0.289653,provavel_cacho
train_591.txt,1,0,0.990625,0.435937,0.43185,provavel_cacho
train_591.txt,2,0,0.371875,0.478125,0.177803,provavel_cacho
train_594.txt,1,0,0.801562,0.578125,0.463403,provavel_cacho
train_598.txt,1,0,0.646875,0.29375,0.19002,provavel_cacho
train_618.txt,4,0,0.85625,0.71875,0.61543,provavel_cacho
train_619.txt,1,0,0.729688,0.485938,0.354583,provavel_cacho
train_621.txt,1,0,0.8,0.367188,0.29375,provavel_cacho
train_623.txt,1,0,0.58125,0.371875,0.216152,provavel_cacho
train_624.txt,2,0,0.3875,0.475,0.184062,provavel_cacho
train_629.txt,1,0,0.435937,0.60625,0.264287,provavel_cacho
train_645.txt,1,0,0.978125,1.0,0.978125,provavel_erro
train_646.txt,1,0,0.460938,0.498437,0.229749,provavel_cacho
train_654.txt,2,0,0.717187,0.296875,0.212915,provavel_cacho
train_66.txt,1,0,0.534375,0.482812,0.258003,provavel_cacho
train_662.txt,4,0,0.392188,0.484375,0.189966,provavel_cacho
train_663.txt,5,0,0.3875,0.451562,0.17498,provavel_cacho
train_664.txt,2,0,0.596875,0.39375,0.23502,provavel_cacho
train_664.txt,4,0,0.376563,0.428125,0.161216,provavel_cacho
train_665.txt,4,0,0.560937,0.325,0.182305,provavel_cacho
train_669.txt,2,0,0.717187,0.510938,0.366438,provavel_cacho
train_67.txt,4,0,0.51875,0.34375,0.17832,provavel_cacho
train_670.txt,2,0,0.539062,0.371875,0.200464,provavel_cacho
train_675.txt,1,0,0.754687,0.51875,0.391494,provavel_cacho
train_678.txt,5,0,0.585938,0.757812,0.444031,provavel_cacho
train_682.txt,1,0,0.640625,0.504687,0.323315,provavel_cacho
train_683.txt,6,0,0.654687,0.570312,0.373376,provavel_cacho
train_689.txt,1,0,0.845313,0.460938,0.389637,provavel_cacho
train_691.txt,1,0,0.779687,0.59375,0.462939,provavel_cacho
train_696.txt,1,0,0.625,0.9375,0.585938,provavel_cacho
train_704.txt,1,0,0.45625,0.507812,0.231689,provavel_cacho
train_705.txt,1,0,0.304688,0.6,0.182813,provavel_cacho
train_707.txt,4,0,0.4875,0.492188,0.239942,provavel_cacho
train_709.txt,3,0,0.570312,0.521875,0.297632,provavel_cacho
train_713.txt,3,0,0.4375,0.589063,0.257715,provavel_cacho
train_717.txt,1,0,0.53125,0.489063,0.259815,provavel_cacho
train_732.txt,1,0,0.759375,0.384375,0.291885,provavel_cacho
train_737.txt,5,0,0.348438,0.442188,0.154075,provavel_cacho
train_738.txt,1,0,0.659375,0.365625,0.241084,provavel_cacho
train_748.txt,1,0,0.851562,0.514062,0.437756,provavel_cacho
train_750.txt,1,0,0.571875,0.570312,0.326147,provavel_cacho
train_772.txt,3,0,0.4625,0.385937,0.178496,provavel_cacho
train_798.txt,1,0,0.407813,0.582812,0.237678,provavel_cacho
train_80.txt,2,0,0.567187,0.740625,0.420073,provavel_cacho
train_81.txt,2,0,0.698438,0.501563,0.350311,provavel_cacho
train_812.txt,1,0,0.395313,0.5375,0.212481,provavel_cacho
train_812.txt,2,0,0.396875,0.39375,0.15627,provavel_cacho
train_813.txt,6,0,0.364063,0.451562,0.164397,provavel_cacho
train_823.txt,1,0,0.43125,0.646875,0.278965,provavel_cacho
train_844.txt,3,0,0.273438,0.61875,0.16919,provavel_cacho
train_845.txt,1,0,0.403125,0.7,0.282187,provavel_cacho
train_847.txt,1,0,0.507812,0.6875,0.349121,provavel_cacho
train_848.txt,1,0,0.503125,0.703125,0.35376,provavel_cacho
train_849.txt,1,0,0.464062,0.598437,0.277712,provavel_cacho
train_862.txt,1,0,0.570312,0.35625,0.203174,provavel_cacho
train_866.txt,2,0,0.492188,0.376563,0.18534,provavel_cacho
train_868.txt,6,0,0.53125,0.345313,0.183448,provavel_cacho
train_87.txt,1,0,0.860938,0.579688,0.499075,provavel_cacho
train_873.txt,1,0,0.485938,0.671875,0.32649,provavel_cacho
train_874.txt,1,0,0.9,0.83125,0.748125,provavel_cacho
train_878.txt,2,0,0.601562,0.339062,0.203967,provavel_cacho
train_88.txt,1,0,0.882812,0.634375,0.560034,provavel_cacho
train_880.txt,1,0,0.459375,0.35,0.160781,provavel_cacho
train_883.txt,5,0,0.36875,0.504687,0.186103,provavel_cacho
train_888.txt,1,0,0.375,0.75625,0.283594,provavel_cacho
train_896.txt,1,0,1.0,0.85625,0.85625,provavel_cacho
train_898.txt,2,0,0.435937,0.501563,0.21865,provavel_cacho
train_90.txt,2,0,0.440625,0.810937,0.357319,provavel_cacho
train_901.txt,2,0,0.871875,0.676562,0.589877,provavel_cacho
train_907.txt,1,0,0.551562,0.7125,0.392988,provavel_cacho
train_91.txt,1,0,0.865625,0.9375,0.811523,provavel_cacho
train_918.txt,5,0,0.476562,0.354687,0.16903,provavel_cacho
train_92.txt,1,0,0.796875,0.914062,0.728393,provavel_cacho
train_924.txt,2,0,0.651563,0.525,0.342071,provavel_cacho
train_927.txt,1,0,0.332813,0.678125,0.225689,provavel_cacho
train_934.txt,2,0,0.528125,0.310937,0.164214,provavel_cacho
train_939.txt,3,0,0.446875,0.454688,0.203189,provavel_cacho
train_95.txt,1,0,1.0,0.796875,0.796875,provavel_cacho
train_950.txt,1,0,0.553125,0.803125,0.444229,provavel_cacho
train_954.txt,4,0,0.35625,0.48125,0.171445,provavel_cacho
train_955.txt,5,0,0.484375,0.657813,0.318628,provavel_cacho
train_957.txt,3,0,0.701562,0.546875,0.383667,provavel_cacho
train_960.txt,4,0,0.551562,0.878125,0.48434,provavel_cacho
train_962.txt,1,0,0.71875,0.548438,0.39419,provavel_cacho
train_965.txt,1,0,0.710938,0.459375,0.326587,provavel_cacho
train_966.txt,2,0,0.55,0.39375,0.216563,provavel_cacho
train_967.txt,1,0,0.440625,0.415625,0.183135,provavel_cacho
train_97.txt,1,0,0.840625,0.428125,0.359893,provavel_cacho
train_972.txt,1,0,1.0,0.598437,0.598437,provavel_cacho
train_975.txt,2,0,0.910937,1.0,0.910937,provavel_cacho
train_977.txt,2,0,0.292187,0.539062,0.157507,provavel_cacho
train_977.txt,3,0,0.39375,0.457813,0.180264,provavel_cacho
train_978.txt,2,0,0.623437,0.409375,0.25522,provavel_cacho
train_979.txt,1,0,0.678125,0.585938,0.397339,provavel_cacho
train_980.txt,1,0,0.596875,0.66875,0.39916,provavel_cacho
train_981.txt,1,0,0.548438,0.520312,0.285359,provavel_cacho
train_982.txt,1,0,0.573438,0.64375,0.369151,provavel_cacho
train_990.txt,4,0,0.560937,0.767188,0.430344,provavel_cacho
train_996.txt,2,0,0.834375,0.714063,0.595796,provavel_cacho
train_997.txt,2,0,0.367188,0.589063,0.216297,provavel_cacho
train_999.txt,1,0,0.489063,0.373437,0.182634,provavel_cacho
val_1025.txt,1,0,0.342187,0.61875,0.211728,provavel_cacho
val_103.txt,1,0,0.714063,0.914062,0.652698,provavel_cacho
val_1055.txt,3,0,0.792188,0.265625,0.210425,provavel_cacho
val_1058.txt,2,0,0.95625,0.946875,0.905449,provavel_cacho
val_1059.txt,3,0,0.620313,0.428125,0.265572,provavel_cacho
val_1070.txt,1,0,0.648438,0.30625,0.198584,provavel_cacho
val_1070.txt,2,0,0.795312,0.404687,0.321852,provavel_cacho
val_1072.txt,1,0,0.584375,0.965625,0.564287,provavel_cacho
val_1080.txt,1,0,1.0,0.914062,0.914062,provavel_cacho
val_1082.txt,1,0,0.9625,0.714063,0.687286,provavel_cacho
val_1087.txt,2,0,0.982812,0.54375,0.534404,provavel_cacho
val_1098.txt,8,0,0.7,0.48125,0.336875,provavel_cacho
val_1102.txt,1,0,1.0,0.689063,0.689063,provavel_cacho
val_1106.txt,6,0,0.253125,0.74375,0.188262,provavel_cacho
val_1120.txt,1,0,0.373437,0.53125,0.198388,provavel_cacho
val_1125.txt,1,0,0.471875,0.470313,0.221929,provavel_cacho
val_1129.txt,3,0,0.604688,0.248438,0.150227,provavel_cacho
val_1132.txt,1,0,0.425,0.99375,0.422344,provavel_cacho
val_1132.txt,2,0,0.279687,0.775,0.216757,provavel_cacho
val_1142.txt,2,0,0.723437,0.915625,0.662397,provavel_cacho
val_116.txt,3,0,0.776563,0.420312,0.326399,provavel_cacho
val_1171.txt,3,0,0.375,0.646875,0.242578,provavel_cacho
val_1174.txt,1,0,0.475,0.8125,0.385937,provavel_cacho
val_1185.txt,2,0,0.353125,0.60625,0.214082,provavel_cacho
val_1197.txt,1,0,0.54375,0.785937,0.427353,provavel_cacho
val_1204.txt,1,0,0.335938,0.610938,0.205237,provavel_cacho
val_1211.txt,3,0,0.696875,1.0,0.696875,provavel_cacho
val_1231.txt,1,0,0.890625,0.909375,0.809912,provavel_cacho
val_124.txt,1,0,0.34375,0.479687,0.164892,provavel_cacho
val_1276.txt,1,0,0.907813,0.390625,0.354614,provavel_cacho
val_1280.txt,1,0,0.746875,0.385937,0.288247,provavel_cacho
val_1288.txt,1,0,0.653125,0.76875,0.50209,provavel_cacho
val_131.txt,3,0,0.464062,0.6375,0.29584,provavel_cacho
val_1310.txt,3,0,0.525,0.765625,0.401953,provavel_cacho
val_1335.txt,1,0,1.0,0.80625,0.80625,provavel_cacho
val_1339.txt,2,0,0.55625,0.484375,0.269434,provavel_cacho
val_1350.txt,1,0,0.592187,0.55,0.325703,provavel_cacho
val_1352.txt,2,0,0.607812,0.5375,0.326699,provavel_cacho
val_136.txt,1,0,0.45625,0.484375,0.220996,provavel_cacho
val_1366.txt,1,0,0.353125,0.479687,0.169389,provavel_cacho
val_1375.txt,4,0,0.609375,0.464062,0.282788,provavel_cacho
val_1416.txt,1,0,0.3125,0.89375,0.279297,provavel_cacho
val_1416.txt,2,0,0.220312,0.74375,0.163857,provavel_cacho
val_1418.txt,1,0,0.448437,0.364063,0.163259,provavel_cacho
val_1437.txt,2,0,0.535937,0.607812,0.325749,provavel_cacho
val_147.txt,1,0,0.553125,0.453125,0.250635,provavel_cacho
val_148.txt,5,0,0.610938,0.523438,0.319788,provavel_cacho
val_1487.txt,3,0,0.882812,0.515625,0.4552,provavel_cacho
val_1538.txt,1,0,0.320312,0.646875,0.207202,provavel_cacho
val_1538.txt,5,0,0.323437,0.659375,0.213266,provavel_cacho
val_1617.txt,2,0,0.534375,0.334375,0.178682,provavel_cacho
val_165.txt,3,0,1.0,0.934375,0.934375,provavel_cacho
val_1651.txt,1,0,0.35,0.828125,0.289844,provavel_cacho
val_1688.txt,2,0,0.390625,0.725,0.283203,provavel_cacho
val_1691.txt,3,0,0.345313,0.6,0.207188,provavel_cacho
val_1698.txt,2,0,0.453125,0.421875,0.191162,provavel_cacho
val_170.txt,1,0,1.0,0.978125,0.978125,provavel_erro
val_1726.txt,1,0,0.485938,0.810937,0.394065,provavel_cacho
val_1727.txt,7,0,0.576562,0.439063,0.253147,provavel_cacho
val_1737.txt,3,0,0.454688,0.335938,0.152747,provavel_cacho
val_1747.txt,1,0,0.5375,0.567187,0.304863,provavel_cacho
val_1783.txt,2,0,0.573438,0.496875,0.284927,provavel_cacho
val_1904.txt,3,0,0.301563,0.50625,0.152666,provavel_cacho
val_1982.txt,2,0,0.453125,0.765625,0.346924,provavel_cacho
val_1985.txt,7,0,0.45625,0.703125,0.320801,provavel_cacho
val_203.txt,4,0,0.329688,0.501563,0.165359,provavel_cacho
val_209.txt,1,0,0.501563,0.407813,0.204544,provavel_cacho
val_254.txt,6,0,0.4125,0.398438,0.164356,provavel_cacho
val_283.txt,6,0,0.96875,0.464062,0.44956,provavel_cacho
val_285.txt,3,0,0.725,0.382812,0.277539,provavel_cacho
val_290.txt,1,0,0.446875,0.834375,0.372861,provavel_cacho
val_290.txt,4,0,0.529687,0.75625,0.400576,provavel_cacho
val_293.txt,1,0,0.659375,0.254688,0.167935,provavel_cacho
val_303.txt,6,0,0.4625,0.3625,0.167656,provavel_cacho
val_306.txt,1,0,0.598437,0.396875,0.237505,provavel_cacho
val_308.txt,1,0,0.565625,0.853125,0.482549,provavel_cacho
val_320.txt,2,0,0.859375,0.845313,0.726441,provavel_cacho
val_333.txt,3,0,0.654687,0.254688,0.166741,provavel_cacho
val_356.txt,3,0,0.490625,0.385937,0.18935,provavel_cacho
val_370.txt,8,0,0.578125,0.278125,0.160791,provavel_cacho
val_371.txt,1,0,0.889062,0.548438,0.487595,provavel_cacho
val_382.txt,2,0,0.526563,0.585938,0.308533,provavel_cacho
val_403.txt,1,0,0.789062,0.3875,0.305762,provavel_cacho
val_409.txt,1,0,0.503125,0.403125,0.202822,provavel_cacho
val_41.txt,1,0,0.635938,0.6375,0.40541,provavel_cacho
val_411.txt,1,0,0.920312,0.553125,0.509048,provavel_cacho
val_421.txt,2,0,0.61875,0.525,0.324844,provavel_cacho
val_426.txt,11,0,0.528125,0.310937,0.164214,provavel_cacho
val_427.txt,6,0,0.390625,0.6,0.234375,provavel_cacho
val_434.txt,6,0,0.834375,0.471875,0.393721,provavel_cacho
val_436.txt,1,0,0.878125,0.9875,0.867148,provavel_cacho
val_444.txt,1,0,0.71875,0.476562,0.342529,provavel_cacho
val_449.txt,5,0,0.371875,0.44375,0.16502,provavel_cacho
val_45.txt,3,0,0.459375,0.707812,0.325151,provavel_cacho
val_45.txt,5,0,0.304688,0.579688,0.176624,provavel_cacho
val_452.txt,1,0,0.482812,0.745313,0.359846,provavel_cacho
val_453.txt,1,0,0.50625,0.698438,0.353584,provavel_cacho
val_468.txt,2,0,0.31875,0.557813,0.177803,provavel_cacho
val_470.txt,1,0,0.539062,0.920312,0.496105,provavel_cacho
val_48.txt,4,0,0.390625,0.453125,0.177002,provavel_cacho
val_491.txt,1,0,0.451562,0.4125,0.186269,provavel_cacho
val_506.txt,4,0,0.407813,0.428125,0.174595,provavel_cacho
val_512.txt,2,0,0.598437,0.376563,0.225349,provavel_cacho
val_519.txt,5,0,0.6375,0.360938,0.230098,provavel_cacho
val_520.txt,1,0,0.66875,0.482812,0.322881,provavel_cacho
val_525.txt,2,0,0.648438,0.459375,0.297876,provavel_cacho
val_530.txt,1,0,0.564063,0.754687,0.425691,provavel_cacho
val_574.txt,1,0,0.625,0.41875,0.261719,provavel_cacho
val_576.txt,4,0,0.695312,0.492188,0.342224,provavel_cacho
val_589.txt,1,0,0.6875,0.2625,0.180469,provavel_cacho
val_606.txt,2,0,0.4125,0.810937,0.334512,provavel_cacho
val_627.txt,2,0,0.540625,0.365625,0.197666,provavel_cacho
val_647.txt,1,0,0.564063,0.348438,0.196541,provavel_cacho
val_647.txt,2,0,0.357812,0.476562,0.17052,provavel_cacho
val_66.txt,2,0,0.453125,0.4,0.18125,provavel_cacho
val_660.txt,1,0,0.684375,0.470313,0.32187,provavel_cacho
val_661.txt,1,0,0.739062,1.0,0.739062,provavel_cacho
val_673.txt,3,0,0.504687,0.36875,0.186103,provavel_cacho
val_684.txt,1,0,0.904687,0.79375,0.718095,provavel_cacho
val_688.txt,1,0,0.776563,0.66875,0.519327,provavel_cacho
val_690.txt,4,0,0.553125,0.582812,0.322368,provavel_cacho
val_693.txt,1,0,1.0,1.0,1.0,provavel_erro
val_700.txt,1,0,0.501563,0.515625,0.258618,provavel_cacho
val_749.txt,6,0,0.30625,0.49375,0.151211,provavel_cacho
val_761.txt,1,0,0.439063,0.7875,0.345762,provavel_cacho
val_763.txt,2,0,0.315625,0.55625,0.175566,provavel_cacho
val_802.txt,6,0,0.421875,0.39375,0.166113,provavel_cacho
val_82.txt,1,0,0.951562,0.904687,0.860866,provavel_cacho
val_856.txt,2,0,0.442188,0.667188,0.295023,provavel_cacho
val_86.txt,2,0,0.926562,1.0,0.926562,provavel_cacho
val_860.txt,3,0,0.534375,0.5375,0.287227,provavel_cacho
val_863.txt,2,0,0.540625,0.379688,0.205269,provavel_cacho
val_886.txt,1,0,0.584375,0.665625,0.388975,provavel_cacho
val_904.txt,1,0,0.392188,0.410938,0.161165,provavel_cacho
val_908.txt,3,0,0.45,0.401562,0.180703,provavel_cacho
val_919.txt,1,0,0.501563,0.621875,0.311909,provavel_cacho
val_947.txt,1,0,0.425,0.607812,0.25832,provavel_cacho
val_947.txt,4,0,0.435937,0.490625,0.213882,provavel_cacho
val_956.txt,1,0,0.384375,0.496875,0.190986,provavel_cacho
test_1050.txt,1,0,0.934375,0.764062,0.71392,provavel_cacho
test_1257.txt,1,0,0.3625,0.49375,0.178984,provavel_cacho
test_1516.txt,1,0,1.0,1.0,1.0,provavel_erro
test_1521.txt,1,0,0.576562,0.460938,0.265759,provavel_cacho
test_1606.txt,3,0,0.667188,0.798438,0.532708,provavel_cacho
test_1621.txt,2,0,0.39375,0.392188,0.154424,provavel_cacho
test_1859.txt,1,0,0.75625,0.570312,0.431298,provavel_cacho
test_188.txt,1,0,0.870313,0.54375,0.473233,provavel_cacho
test_1894.txt,2,0,0.5875,0.435937,0.256113,provavel_cacho
test_331.txt,1,0,0.551562,0.301563,0.166331,provavel_cacho
test_404.txt,1,0,0.657813,0.626563,0.412161,provavel_cacho
test_436.txt,5,0,0.567187,0.325,0.184336,provavel_cacho
test_505.txt,1,0,0.785937,0.83125,0.65331,provavel_cacho
test_527.txt,1,0,0.576562,0.68125,0.392783,provavel_cacho
test_570.txt,1,0,0.703125,0.548438,0.38562,provavel_cacho
test_881.txt,2,0,0.607812,0.614062,0.373234,provavel_cacho
test_884.txt,2,0,0.48125,0.395313,0.190244,provavel_cacho
test_959.txt,2,0,0.517188,0.45625,0.235967,provavel_cacho
train_1019.txt,1,0,0.660937,0.578125,0.382104,provavel_cacho
train_1076.txt,4,0,0.523438,0.582812,0.305066,provavel_cacho
train_1079.txt,1,0,0.60625,0.68125,0.413008,provavel_cacho
train_1079.txt,2,0,0.284375,0.534375,0.151963,provavel_cacho
train_111.txt,1,0,1.0,0.839063,0.839063,provavel_cacho
train_1122.txt,1,0,0.509375,0.432812,0.220464,provavel_cacho
train_1123.txt,1,0,0.492188,0.41875,0.206104,provavel_cacho
train_1130.txt,3,0,0.321875,0.903125,0.290693,provavel_cacho
train_1146.txt,1,0,0.625,0.565625,0.353516,provavel_cacho
train_1147.txt,1,0,0.55625,0.790625,0.439785,provavel_cacho
train_1152.txt,3,0,0.348438,0.684375,0.238462,provavel_cacho
train_1153.txt,2,0,0.370312,0.81875,0.303193,provavel_cacho
train_1162.txt,4,0,0.490625,0.317188,0.15562,provavel_cacho
train_1200.txt,1,0,0.825,0.428125,0.353203,provavel_cacho
train_1203.txt,1,0,0.548438,0.73125,0.401045,provavel_cacho
train_1219.txt,1,0,0.345313,0.5,0.172656,provavel_cacho
train_1220.txt,1,0,0.289062,0.714063,0.206408,provavel_cacho
train_1221.txt,1,0,0.339062,0.676562,0.229396,provavel_cacho
train_123.txt,1,0,0.717187,0.709375,0.508755,provavel_cacho
train_1241.txt,1,0,0.273438,0.789062,0.21576,provavel_cacho
train_1259.txt,4,0,0.354687,0.429688,0.152405,provavel_cacho
train_127.txt,1,0,0.36875,0.410938,0.151533,provavel_cacho
train_1312.txt,3,0,0.379688,0.4375,0.166114,provavel_cacho
train_1312.txt,4,0,0.489063,0.48125,0.235362,provavel_cacho
train_1312.txt,5,0,0.573438,0.323437,0.185471,provavel_cacho
train_1330.txt,1,0,0.778125,0.4875,0.379336,provavel_cacho
train_1341.txt,1,0,0.45,0.364063,0.163828,provavel_cacho
train_1358.txt,1,0,0.63125,0.714063,0.450752,provavel_cacho
train_1368.txt,1,0,0.603125,0.753125,0.454229,provavel_cacho
train_1383.txt,2,0,0.296875,0.7125,0.211523,provavel_cacho
train_1383.txt,3,0,0.36875,0.648438,0.239112,provavel_cacho
train_143.txt,1,0,0.640625,0.671875,0.43042,provavel_cacho
train_1435.txt,2,0,0.40625,0.409375,0.166309,provavel_cacho
train_1449.txt,1,0,1.0,0.790625,0.790625,provavel_cacho
train_1459.txt,1,0,1.0,0.901563,0.901563,provavel_cacho
train_1527.txt,1,0,0.45625,0.645312,0.294424,provavel_cacho
train_1547.txt,1,0,0.589063,0.432812,0.254954,provavel_cacho
train_157.txt,5,0,0.395313,0.546875,0.216187,provavel_cacho
train_1615.txt,1,0,0.3375,0.470313,0.158731,provavel_cacho
train_1619.txt,2,0,0.676562,0.59375,0.401709,provavel_cacho
train_163.txt,1,0,0.882812,1.0,0.882812,provavel_cacho
train_1639.txt,2,0,0.745313,0.626563,0.466986,provavel_cacho
train_1649.txt,3,0,0.559375,0.717187,0.401176,provavel_cacho
train_1650.txt,1,0,0.390625,0.435937,0.170288,provavel_cacho
train_1650.txt,2,0,0.514062,0.6875,0.353418,provavel_cacho
train_166.txt,1,0,0.935937,0.864062,0.808708,provavel_cacho
train_1724.txt,1,0,0.795312,0.832812,0.662345,provavel_cacho
train_1724.txt,2,0,0.2875,0.595313,0.171152,provavel_cacho
train_1729.txt,1,0,0.93125,0.928125,0.864316,provavel_cacho
train_173.txt,2,0,0.360938,0.539062,0.194568,provavel_cacho
train_1738.txt,7,0,0.451562,0.626563,0.282932,provavel_cacho
train_1744.txt,3,0,0.853125,0.792188,0.675835,provavel_cacho
train_1768.txt,1,0,0.234375,0.6625,0.155273,provavel_cacho
train_1768.txt,3,0,0.63125,0.798438,0.504014,provavel_cacho
train_1794.txt,3,0,0.473438,0.7375,0.349161,provavel_cacho
train_1837.txt,1,0,0.998437,0.671875,0.670825,provavel_cacho
train_1849.txt,1,0,0.673438,0.88125,0.593467,provavel_cacho
train_1946.txt,2,0,0.542188,0.68125,0.369366,provavel_cacho
train_1947.txt,2,0,0.41875,0.653125,0.273496,provavel_cacho
train_243.txt,3,0,0.453125,0.44375,0.201074,provavel_cacho
train_250.txt,4,0,0.534375,0.326562,0.174507,provavel_cacho
train_279.txt,1,0,0.571875,0.484375,0.277002,provavel_cacho
train_297.txt,2,0,0.448437,0.479687,0.215109,provavel_cacho
train_311.txt,1,0,0.804688,0.573438,0.461439,provavel_cacho
train_311.txt,3,0,0.565625,0.348438,0.197085,provavel_cacho
train_312.txt,1,0,0.55625,0.676562,0.376338,provavel_cacho
train_318.txt,1,0,0.426563,0.535937,0.228611,provavel_cacho
train_318.txt,2,0,0.709375,0.753125,0.534248,provavel_cacho
train_320.txt,2,0,0.782813,0.434375,0.340034,provavel_cacho
train_322.txt,4,0,0.55625,0.279687,0.155576,provavel_cacho
train_329.txt,1,0,1.0,0.953125,0.953125,provavel_erro
train_339.txt,5,0,0.382812,0.420312,0.1609,provavel_cacho
train_363.txt,2,0,0.717187,0.328125,0.235327,provavel_cacho
train_38.txt,5,0,0.675,0.442188,0.298477,provavel_cacho
train_380.txt,1,0,0.567187,0.8625,0.489199,provavel_cacho
train_393.txt,1,0,1.0,0.746875,0.746875,provavel_cacho
train_401.txt,1,0,0.823438,0.684375,0.56354,provavel_cacho
train_402.txt,1,0,1.0,0.89375,0.89375,provavel_cacho
train_407.txt,2,0,0.74375,0.329688,0.245205,provavel_cacho
train_412.txt,2,0,0.35,0.545312,0.190859,provavel_cacho
train_416.txt,4,0,0.359375,0.659375,0.236963,provavel_cacho
train_438.txt,4,0,0.428125,0.739062,0.316411,provavel_cacho
train_441.txt,2,0,0.829688,0.55,0.456328,provavel_cacho
train_46.txt,3,0,0.610938,0.726562,0.443884,provavel_cacho
train_462.txt,2,0,0.634375,0.457813,0.290425,provavel_cacho
train_474.txt,1,0,0.898438,0.648438,0.582581,provavel_cacho
train_474.txt,3,0,0.398438,0.467187,0.186145,provavel_cacho
train_494.txt,4,0,0.757812,0.398438,0.301941,provavel_cacho
train_513.txt,1,0,0.553125,0.498437,0.275698,provavel_cacho
train_523.txt,3,0,0.576562,0.348438,0.200896,provavel_cacho
train_524.txt,4,0,0.49375,0.401562,0.198271,provavel_cacho
train_549.txt,1,0,0.45,0.43125,0.194063,provavel_cacho
train_562.txt,1,0,0.576562,0.685937,0.395485,provavel_cacho
train_569.txt,1,0,0.667188,0.526563,0.351317,provavel_cacho
train_578.txt,5,0,0.4875,0.64375,0.313828,provavel_cacho
train_587.txt,1,0,0.917188,0.525,0.481524,provavel_cacho
train_588.txt,1,0,0.790625,0.367188,0.290308,provavel_cacho
train_590.txt,1,0,0.246875,0.790625,0.195186,provavel_cacho
train_605.txt,1,0,0.39375,0.395313,0.155654,provavel_cacho
train_608.txt,2,0,0.292187,0.567187,0.165725,provavel_cacho
train_611.txt,1,0,0.426563,0.75625,0.322588,provavel_cacho
train_612.txt,1,0,0.66875,0.4875,0.326016,provavel_cacho
train_620.txt,5,0,0.904687,0.44375,0.401455,provavel_cacho
train_625.txt,2,0,0.45,0.557813,0.251016,provavel_cacho
train_666.txt,2,0,0.8,0.535937,0.42875,provavel_cacho
train_667.txt,2,0,0.6125,0.832812,0.510097,provavel_cacho
train_680.txt,3,0,0.629687,0.38125,0.240068,provavel_cacho
train_687.txt,1,0,0.728125,0.6875,0.500586,provavel_cacho
train_72.txt,1,0,0.639062,0.934375,0.597124,provavel_cacho
train_722.txt,1,0,0.964063,0.6,0.578438,provavel_cacho
train_75.txt,1,0,0.73125,0.926562,0.677548,provavel_cacho
train_76.txt,1,0,1.0,1.0,1.0,provavel_erro
train_760.txt,1,0,0.301563,0.720313,0.21722,provavel_cacho
train_762.txt,5,0,0.284375,0.589063,0.167515,provavel_cacho
train_765.txt,1,0,0.365625,0.453125,0.165674,provavel_cacho
train_778.txt,6,0,0.392188,0.796875,0.312525,provavel_cacho
train_865.txt,1,0,0.55625,0.370312,0.205986,provavel_cacho
train_865.txt,6,0,0.728125,0.407813,0.296939,provavel_cacho
train_887.txt,1,0,0.582812,0.696875,0.406147,provavel_cacho
train_889.txt,5,0,0.4,0.50625,0.2025,provavel_cacho
train_89.txt,1,0,0.91875,0.953125,0.875684,provavel_cacho
train_890.txt,1,0,0.760938,0.465625,0.354312,provavel_cacho
train_891.txt,1,0,0.704688,0.385937,0.271965,provavel_cacho
train_891.txt,3,0,0.426563,0.475,0.202617,provavel_cacho
train_897.txt,1,0,0.5375,0.473438,0.254473,provavel_cacho
train_897.txt,3,0,0.557813,0.670312,0.373909,provavel_cacho
train_913.txt,1,0,0.334375,0.6375,0.213164,provavel_cacho
train_914.txt,1,0,0.760938,0.546875,0.416138,provavel_cacho
train_917.txt,3,0,0.357812,0.446875,0.159897,provavel_cacho
train_931.txt,1,0,0.676562,0.246875,0.167026,provavel_cacho
train_941.txt,1,0,0.715625,0.8,0.5725,provavel_cacho
train_971.txt,1,0,0.451562,0.842187,0.3803,provavel_cacho
train_983.txt,2,0,0.648438,0.775,0.502539,provavel_cacho
val_1137.txt,1,0,0.379688,0.445312,0.16908,provavel_cacho
val_1137.txt,6,0,0.753125,0.446875,0.336553,provavel_cacho
val_1177.txt,1,0,0.74375,1.0,0.74375,provavel_cacho
val_1181.txt,1,0,0.65625,1.0,0.65625,provavel_cacho
val_1238.txt,1,0,0.26875,0.642188,0.172588,provavel_cacho
val_1248.txt,1,0,0.94375,0.471875,0.445332,provavel_cacho
val_1298.txt,2,0,0.482812,0.721875,0.34853,provavel_cacho
val_1299.txt,3,0,0.4375,0.79375,0.347266,provavel_cacho
val_151.txt,1,0,0.576562,0.976562,0.563049,provavel_cacho
val_1594.txt,2,0,0.490625,0.84375,0.413965,provavel_cacho
val_161.txt,4,0,0.559375,0.642188,0.359224,provavel_cacho
val_164.txt,1,0,0.857812,1.0,0.857812,provavel_cacho
val_1653.txt,1,0,0.526563,0.910937,0.479666,provavel_cacho
val_1745.txt,1,0,0.998437,0.8,0.79875,provavel_cacho
val_1752.txt,1,0,0.685937,0.9,0.617343,provavel_cacho
val_1892.txt,1,0,0.345313,0.776563,0.268157,provavel_cacho
val_1922.txt,1,0,0.38125,0.690625,0.263301,provavel_cacho
val_223.txt,6,0,0.310937,0.717187,0.223,provavel_cacho
val_260.txt,2,0,0.58125,0.589063,0.342393,provavel_cacho
val_289.txt,1,0,0.61875,0.351562,0.217529,provavel_cacho
val_327.txt,1,0,0.95625,0.421875,0.403418,provavel_cacho
val_327.txt,3,0,0.621875,0.534375,0.332314,provavel_cacho
val_335.txt,2,0,0.601562,0.332813,0.200208,provavel_cacho
val_377.txt,1,0,0.832812,0.532813,0.443733,provavel_cacho
val_406.txt,2,0,0.517188,0.557813,0.288494,provavel_cacho
val_450.txt,5,0,0.376563,0.442188,0.166512,provavel_cacho
val_533.txt,1,0,0.535937,0.875,0.468945,provavel_cacho
val_533.txt,2,0,0.495312,0.617188,0.305701,provavel_cacho
val_615.txt,1,0,0.3,0.6875,0.20625,provavel_cacho
val_69.txt,1,0,0.728125,1.0,0.728125,provavel_cacho
val_708.txt,1,0,0.565625,0.832812,0.471059,provavel_cacho
val_799.txt,2,0,0.332813,0.498437,0.165886,provavel_cacho
val_800.txt,3,0,0.501563,0.326562,0.163791,provavel_cacho
val_973.txt,1,0,0.807813,0.578125,0.467017,provavel_cacho
